field,id,value
4,TB,Thoroughbred
4,QH,Quarter Horse
4,AR,Arabian
4,MX,Mix Breed
7,D,Dirt
7,T,Turf
7,P,PolyTrack
9,M,Main Course
9,I,"Inner Course (Aqu, Bel, Sar, Wo and Cnl)"
9,O,Outer Course (Cnl)
9,H,Hurdles Course
9,S,Steeplechase Course
10,ALW ,Allowance
10,AOC ,Allowance Optional Claiming
10,CLH ,Claiming Handicap
10,CLM ,Claiming
10,CST ,Claiming Stake
10,HCP ,Handicap
10,MAT ,Match
10,MCL ,Maiden Claiming
10,MOC ,Maiden Optional Claiming
10,MST ,Maiden Stakes
10,MSW ,Maiden Special Weight
10,OCH ,Optional Claiming Handicap
10,OCL ,Optional Claiming
10,OCS ,Optional Claiming Stakes
10,SHP ,Starter Handicap
10,SST ,Starter Stakes
10,STK ,Stakes
10,STR ,Starter Allowance
10,TRL ,Trial
13,A ,Colts & Geldings
13,B ,Fillies & mares
13,C ,Colts
13,D ,Colts & Fillies
13,E ,Fillies & Geldings
13,F ,Fillies
13,G ,Geldings
13,H ,Horses
13,I ,"Colts, Geldings & Horses"
13,J ,Geldings & Horses
13,M ,Mares
13,R ,Ridglings
13,Blank ,No Sex Restrictions
14,02,2 year olds
14,03,3 year olds
14,04,4 year olds
14,05,5 year olds
14,06,6 year olds
14,07,7 year olds
14,08,8 year olds
14,09,9 year olds
14,23,2 & 3 year olds
14,24,"2, 3 & 4 year olds"
14,2U ,2 year olds & up
14,34,3 & 4 year olds
14,35,"3, 4 & 5 year olds"
14,36,"3, 4, 5 & 6 year olds"
14,3U ,3 year olds & up
14,45,4 & 5 year olds
14,46,"4, 5 & 6 year olds"
14,47,"4, 5, 6 & 7 year olds"
14,4U ,4 year olds & up
14,56,5 & 6 year olds
14,57,"5, 6 & 7 year olds"
14,58,"5, 6, 7 & 8 year olds"
14,59,"5, 6, 7, 8 & 9 year olds"
14,5U ,5 year olds & up
14,67,6 & 7 year olds
14,68,"6, 7 & 8 year olds"
14,69,"6, 7, 8 & 9 year olds"
14,6U ,6 year olds & up
14,78,7 & 8 year olds
14,79,"7, 8 & 9 year olds"
14,7U ,7 year olds & up
14,8U ,8 year olds & up
14,9U ,9 year olds & up
14,NULL,No Age Restriction
19,1,Grade 1
19,2,Grade 2
19,3,Grade 3
22,FST ,Fast
22,WF ,Wet-Fast
22,GD ,Good
22,SLY ,Sloppy
22,MY ,Muddy
22,SL ,Slow
22,HY ,Heavy
22,FR ,Frozen
22,HD ,Hard
22,FM ,Firm
22,YL ,Yielding
22,SF ,Soft
23,A ,Hot
23,B ,Fine
23,C ,Clear
23,E ,Overcast
23,F ,Foggy
23,H ,Hazy
23,L ,Cloudy
23,O ,Showery
23,R ,Rainy
23,S ,Snowing
23,T ,Stormy
23,W ,Windy
55,NULL,No equipment
55,2,Screens
55,3,Shields
55, A ,Aluminum Pads
55, B ,Blinkers
55, C ,Mud Calks
55, F ,Front Wraps
55, G ,Goggles
55, H ,Hood
55, I ,Cornell Collar
55, J ,Cornell Collar Off
55, K ,Flipping halter
55, L ,Bar Shoes
55, N ,No whip
55, O ,Blinkers off
55, P ,Aluminum Pad
55, Q ,Nasal Strip off
55, R ,Bar Shoe
55, S ,Nasal Strip
55, V ,Cheek Piece
55, W ,No Hind Shoes
55, X ,Cheek Piece Off
55, Y ,No shoes
90,5 lbs ,Apprentice Type 1 (5 lbs)
90,5,Apprentice Type 1 (5 lbs)
90,7 lbs ,Apprentice Type 2 (7 lbs)
90,7,Apprentice Type 2 (7 lbs)
90,10 lbs ,Apprentice Type 3 (10 lbs)
90,10,Apprentice Type 3 (10 lbs)
98,A,Also Eligible
98,E,Early
98,G,Gate
98,I,RegVet - Injured
98,J,PrivVet - Injured
98,K,Stakes Scratch
98,L,RegVet - Illness
98,M,Main Track Only
98,N,PrivVet - Unsound
98,O,Off Turf
98,P,Reason Unavailable
98,R,Re-entered
98,S,Stewards
98,T,Trainer
98,U,RegVet - Unsound
98,V,Veterinarian
98,Y,Part of Entry
98,Z,PrivVet - Illness
98,NULL,Unknown
112,A,Administrative
112,D,Deceased
112,O,Other
112,P,Positive Test
112,V,Vet
131,$,Super Bet
131,0,Choose 6
131,1,Roulette
131,13,123racing
131,18,Pick 18
131,2,Two in the Money
131,3,Pick 3
131,4,Pick 4
131,4J,Pick 4 Jackpot
131,5,Pick 5
131,5J,Pick 5 Jackpot
131,6,Pick 6
131,6J,Pick 6 Jackpot
131,7,Pick 7
131,7J,Pick 7 Jackpot
131,8,Countdown
131,9,Pick 9
131,9J,Pick 9 Jackpot
131,A,Triactor
131,B,Super Tri
131,BQ,Bracket Quinella
131,C,Classix
131,D,Daily Double
131,E,Exacta
131,F,Perfecta
131,G,Perfector
131,H,Head2Head
131,HE,Halfway Exacta
131,HW,Halfway Win
131,I,Pick 10
131,ID,Instant Daily Double
131,J,Exactor
131,K,Win 4
131,L,Place Pick All
131,L8,Place Pick 8
131,M,Consolation Pick 3
131,N,Future Wager
131,O,Omni
131,OU,Over/Under
131,P,Jockey Challenge
131,P5,Place Pick 5
131,P6,Place Pick 6
131,P8,Pick 8
131,P9,Place Pick 9
131,Q,Quinella
131,R,Triple
131,S,Superfecta
131,S5,Super High Five
131,SQ,Show Quinella
131,T,Trifecta
131,U,Tri Super
131,V,Odd or Even
131,W,Twin Trifecta
131,X,Grand Slam
131,X5,X-5 Super Hi-5
131,Y,Straight Flush
131,Z,Consolation Double
131,Z5,Z-5 Super Hi-5
137,$,Super Bet
137,0,Choose 6
137,1,Roulette
137,13,123racing
137,18,Pick 18
137,2,Two in the Money
137,3,Pick 3
137,4,Pick 4
137,4J,Pick 4 Jackpot
137,5,Pick 5
137,5J,Pick 5 Jackpot
137,6,Pick 6
137,6J,Pick 6 Jackpot
137,7,Pick 7
137,7J,Pick 7 Jackpot
137,8,Countdown
137,9,Pick 9
137,9J,Pick 9 Jackpot
137,A,Triactor
137,B,Super Tri
137,BQ,Bracket Quinella
137,C,Classix
137,D,Daily Double
137,E,Exacta
137,F,Perfecta
137,G,Perfector
137,H,Head2Head
137,HE,Halfway Exacta
137,HW,Halfway Win
137,I,Pick 10
137,ID,Instant Daily Double
137,J,Exactor
137,K,Win 4
137,L,Place Pick All
137,L8,Place Pick 8
137,M,Consolation Pick 3
137,N,Future Wager
137,O,Omni
137,OU,Over/Under
137,P,Jockey Challenge
137,P5,Place Pick 5
137,P6,Place Pick 6
137,P8,Pick 8
137,P9,Place Pick 9
137,Q,Quinella
137,R,Triple
137,S,Superfecta
137,S5,Super High Five
137,SQ,Show Quinella
137,T,Trifecta
137,U,Tri Super
137,V,Odd or Even
137,W,Twin Trifecta
137,X,Grand Slam
137,X5,X-5 Super Hi-5
137,Y,Straight Flush
137,Z,Consolation Double
137,Z5,Z-5 Super Hi-5
143,$,Super Bet
143,0,Choose 6
143,1,Roulette
143,13,123racing
143,18,Pick 18
143,2,Two in the Money
143,3,Pick 3
143,4,Pick 4
143,4J,Pick 4 Jackpot
143,5,Pick 5
143,5J,Pick 5 Jackpot
143,6,Pick 6
143,6J,Pick 6 Jackpot
143,7,Pick 7
143,7J,Pick 7 Jackpot
143,8,Countdown
143,9,Pick 9
143,9J,Pick 9 Jackpot
143,A,Triactor
143,B,Super Tri
143,BQ,Bracket Quinella
143,C,Classix
143,D,Daily Double
143,E,Exacta
143,F,Perfecta
143,G,Perfector
143,H,Head2Head
143,HE,Halfway Exacta
143,HW,Halfway Win
143,I,Pick 10
143,ID,Instant Daily Double
143,J,Exactor
143,K,Win 4
143,L,Place Pick All
143,L8,Place Pick 8
143,M,Consolation Pick 3
143,N,Future Wager
143,O,Omni
143,OU,Over/Under
143,P,Jockey Challenge
143,P5,Place Pick 5
143,P6,Place Pick 6
143,P8,Pick 8
143,P9,Place Pick 9
143,Q,Quinella
143,R,Triple
143,S,Superfecta
143,S5,Super High Five
143,SQ,Show Quinella
143,T,Trifecta
143,U,Tri Super
143,V,Odd or Even
143,W,Twin Trifecta
143,X,Grand Slam
143,X5,X-5 Super Hi-5
143,Y,Straight Flush
143,Z,Consolation Double
143,Z5,Z-5 Super Hi-5
149,$,Super Bet
149,0,Choose 6
149,1,Roulette
149,13,123racing
149,18,Pick 18
149,2,Two in the Money
149,3,Pick 3
149,4,Pick 4
149,4J,Pick 4 Jackpot
149,5,Pick 5
149,5J,Pick 5 Jackpot
149,6,Pick 6
149,6J,Pick 6 Jackpot
149,7,Pick 7
149,7J,Pick 7 Jackpot
149,8,Countdown
149,9,Pick 9
149,9J,Pick 9 Jackpot
149,A,Triactor
149,B,Super Tri
149,BQ,Bracket Quinella
149,C,Classix
149,D,Daily Double
149,E,Exacta
149,F,Perfecta
149,G,Perfector
149,H,Head2Head
149,HE,Halfway Exacta
149,HW,Halfway Win
149,I,Pick 10
149,ID,Instant Daily Double
149,J,Exactor
149,K,Win 4
149,L,Place Pick All
149,L8,Place Pick 8
149,M,Consolation Pick 3
149,N,Future Wager
149,O,Omni
149,OU,Over/Under
149,P,Jockey Challenge
149,P5,Place Pick 5
149,P6,Place Pick 6
149,P8,Pick 8
149,P9,Place Pick 9
149,Q,Quinella
149,R,Triple
149,S,Superfecta
149,S5,Super High Five
149,SQ,Show Quinella
149,T,Trifecta
149,U,Tri Super
149,V,Odd or Even
149,W,Twin Trifecta
149,X,Grand Slam
149,X5,X-5 Super Hi-5
149,Y,Straight Flush
149,Z,Consolation Double
149,Z5,Z-5 Super Hi-5
155,$,Super Bet
155,0,Choose 6
155,1,Roulette
155,13,123racing
155,18,Pick 18
155,2,Two in the Money
155,3,Pick 3
155,4,Pick 4
155,4J,Pick 4 Jackpot
155,5,Pick 5
155,5J,Pick 5 Jackpot
155,6,Pick 6
155,6J,Pick 6 Jackpot
155,7,Pick 7
155,7J,Pick 7 Jackpot
155,8,Countdown
155,9,Pick 9
155,9J,Pick 9 Jackpot
155,A,Triactor
155,B,Super Tri
155,BQ,Bracket Quinella
155,C,Classix
155,D,Daily Double
155,E,Exacta
155,F,Perfecta
155,G,Perfector
155,H,Head2Head
155,HE,Halfway Exacta
155,HW,Halfway Win
155,I,Pick 10
155,ID,Instant Daily Double
155,J,Exactor
155,K,Win 4
155,L,Place Pick All
155,L8,Place Pick 8
155,M,Consolation Pick 3
155,N,Future Wager
155,O,Omni
155,OU,Over/Under
155,P,Jockey Challenge
155,P5,Place Pick 5
155,P6,Place Pick 6
155,P8,Pick 8
155,P9,Place Pick 9
155,Q,Quinella
155,R,Triple
155,S,Superfecta
155,S5,Super High Five
155,SQ,Show Quinella
155,T,Trifecta
155,U,Tri Super
155,V,Odd or Even
155,W,Twin Trifecta
155,X,Grand Slam
155,X5,X-5 Super Hi-5
155,Y,Straight Flush
155,Z,Consolation Double
155,Z5,Z-5 Super Hi-5
161,$,Super Bet
161,0,Choose 6
161,1,Roulette
161,13,123racing
161,18,Pick 18
161,2,Two in the Money
161,3,Pick 3
161,4,Pick 4
161,4J,Pick 4 Jackpot
161,5,Pick 5
161,5J,Pick 5 Jackpot
161,6,Pick 6
161,6J,Pick 6 Jackpot
161,7,Pick 7
161,7J,Pick 7 Jackpot
161,8,Countdown
161,9,Pick 9
161,9J,Pick 9 Jackpot
161,A,Triactor
161,B,Super Tri
161,BQ,Bracket Quinella
161,C,Classix
161,D,Daily Double
161,E,Exacta
161,F,Perfecta
161,G,Perfector
161,H,Head2Head
161,HE,Halfway Exacta
161,HW,Halfway Win
161,I,Pick 10
161,ID,Instant Daily Double
161,J,Exactor
161,K,Win 4
161,L,Place Pick All
161,L8,Place Pick 8
161,M,Consolation Pick 3
161,N,Future Wager
161,O,Omni
161,OU,Over/Under
161,P,Jockey Challenge
161,P5,Place Pick 5
161,P6,Place Pick 6
161,P8,Pick 8
161,P9,Place Pick 9
161,Q,Quinella
161,R,Triple
161,S,Superfecta
161,S5,Super High Five
161,SQ,Show Quinella
161,T,Trifecta
161,U,Tri Super
161,V,Odd or Even
161,W,Twin Trifecta
161,X,Grand Slam
161,X5,X-5 Super Hi-5
161,Y,Straight Flush
161,Z,Consolation Double
161,Z5,Z-5 Super Hi-5
167,$,Super Bet
167,0,Choose 6
167,1,Roulette
167,13,123racing
167,18,Pick 18
167,2,Two in the Money
167,3,Pick 3
167,4,Pick 4
167,4J,Pick 4 Jackpot
167,5,Pick 5
167,5J,Pick 5 Jackpot
167,6,Pick 6
167,6J,Pick 6 Jackpot
167,7,Pick 7
167,7J,Pick 7 Jackpot
167,8,Countdown
167,9,Pick 9
167,9J,Pick 9 Jackpot
167,A,Triactor
167,B,Super Tri
167,BQ,Bracket Quinella
167,C,Classix
167,D,Daily Double
167,E,Exacta
167,F,Perfecta
167,G,Perfector
167,H,Head2Head
167,HE,Halfway Exacta
167,HW,Halfway Win
167,I,Pick 10
167,ID,Instant Daily Double
167,J,Exactor
167,K,Win 4
167,L,Place Pick All
167,L8,Place Pick 8
167,M,Consolation Pick 3
167,N,Future Wager
167,O,Omni
167,OU,Over/Under
167,P,Jockey Challenge
167,P5,Place Pick 5
167,P6,Place Pick 6
167,P8,Pick 8
167,P9,Place Pick 9
167,Q,Quinella
167,R,Triple
167,S,Superfecta
167,S5,Super High Five
167,SQ,Show Quinella
167,T,Trifecta
167,U,Tri Super
167,V,Odd or Even
167,W,Twin Trifecta
167,X,Grand Slam
167,X5,X-5 Super Hi-5
167,Y,Straight Flush
167,Z,Consolation Double
167,Z5,Z-5 Super Hi-5
173,$,Super Bet
173,0,Choose 6
173,1,Roulette
173,13,123racing
173,18,Pick 18
173,2,Two in the Money
173,3,Pick 3
173,4,Pick 4
173,4J,Pick 4 Jackpot
173,5,Pick 5
173,5J,Pick 5 Jackpot
173,6,Pick 6
173,6J,Pick 6 Jackpot
173,7,Pick 7
173,7J,Pick 7 Jackpot
173,8,Countdown
173,9,Pick 9
173,9J,Pick 9 Jackpot
173,A,Triactor
173,B,Super Tri
173,BQ,Bracket Quinella
173,C,Classix
173,D,Daily Double
173,E,Exacta
173,F,Perfecta
173,G,Perfector
173,H,Head2Head
173,HE,Halfway Exacta
173,HW,Halfway Win
173,I,Pick 10
173,ID,Instant Daily Double
173,J,Exactor
173,K,Win 4
173,L,Place Pick All
173,L8,Place Pick 8
173,M,Consolation Pick 3
173,N,Future Wager
173,O,Omni
173,OU,Over/Under
173,P,Jockey Challenge
173,P5,Place Pick 5
173,P6,Place Pick 6
173,P8,Pick 8
173,P9,Place Pick 9
173,Q,Quinella
173,R,Triple
173,S,Superfecta
173,S5,Super High Five
173,SQ,Show Quinella
173,T,Trifecta
173,U,Tri Super
173,V,Odd or Even
173,W,Twin Trifecta
173,X,Grand Slam
173,X5,X-5 Super Hi-5
173,Y,Straight Flush
173,Z,Consolation Double
173,Z5,Z-5 Super Hi-5
179,$,Super Bet
179,0,Choose 6
179,1,Roulette
179,13,123racing
179,18,Pick 18
179,2,Two in the Money
179,3,Pick 3
179,4,Pick 4
179,4J,Pick 4 Jackpot
179,5,Pick 5
179,5J,Pick 5 Jackpot
179,6,Pick 6
179,6J,Pick 6 Jackpot
179,7,Pick 7
179,7J,Pick 7 Jackpot
179,8,Countdown
179,9,Pick 9
179,9J,Pick 9 Jackpot
179,A,Triactor
179,B,Super Tri
179,BQ,Bracket Quinella
179,C,Classix
179,D,Daily Double
179,E,Exacta
179,F,Perfecta
179,G,Perfector
179,H,Head2Head
179,HE,Halfway Exacta
179,HW,Halfway Win
179,I,Pick 10
179,ID,Instant Daily Double
179,J,Exactor
179,K,Win 4
179,L,Place Pick All
179,L8,Place Pick 8
179,M,Consolation Pick 3
179,N,Future Wager
179,O,Omni
179,OU,Over/Under
179,P,Jockey Challenge
179,P5,Place Pick 5
179,P6,Place Pick 6
179,P8,Pick 8
179,P9,Place Pick 9
179,Q,Quinella
179,R,Triple
179,S,Superfecta
179,S5,Super High Five
179,SQ,Show Quinella
179,T,Trifecta
179,U,Tri Super
179,V,Odd or Even
179,W,Twin Trifecta
179,X,Grand Slam
179,X5,X-5 Super Hi-5
179,Y,Straight Flush
179,Z,Consolation Double
179,Z5,Z-5 Super Hi-5
185,$,Super Bet
185,0,Choose 6
185,1,Roulette
185,13,123racing
185,18,Pick 18
185,2,Two in the Money
185,3,Pick 3
185,4,Pick 4
185,4J,Pick 4 Jackpot
185,5,Pick 5
185,5J,Pick 5 Jackpot
185,6,Pick 6
185,6J,Pick 6 Jackpot
185,7,Pick 7
185,7J,Pick 7 Jackpot
185,8,Countdown
185,9,Pick 9
185,9J,Pick 9 Jackpot
185,A,Triactor
185,B,Super Tri
185,BQ,Bracket Quinella
185,C,Classix
185,D,Daily Double
185,E,Exacta
185,F,Perfecta
185,G,Perfector
185,H,Head2Head
185,HE,Halfway Exacta
185,HW,Halfway Win
185,I,Pick 10
185,ID,Instant Daily Double
185,J,Exactor
185,K,Win 4
185,L,Place Pick All
185,L8,Place Pick 8
185,M,Consolation Pick 3
185,N,Future Wager
185,O,Omni
185,OU,Over/Under
185,P,Jockey Challenge
185,P5,Place Pick 5
185,P6,Place Pick 6
185,P8,Pick 8
185,P9,Place Pick 9
185,Q,Quinella
185,R,Triple
185,S,Superfecta
185,S5,Super High Five
185,SQ,Show Quinella
185,T,Trifecta
185,U,Tri Super
185,V,Odd or Even
185,W,Twin Trifecta
185,X,Grand Slam
185,X5,X-5 Super Hi-5
185,Y,Straight Flush
185,Z,Consolation Double
185,Z5,Z-5 Super Hi-5
191,$,Super Bet
191,0,Choose 6
191,1,Roulette
191,13,123racing
191,18,Pick 18
191,2,Two in the Money
191,3,Pick 3
191,4,Pick 4
191,4J,Pick 4 Jackpot
191,5,Pick 5
191,5J,Pick 5 Jackpot
191,6,Pick 6
191,6J,Pick 6 Jackpot
191,7,Pick 7
191,7J,Pick 7 Jackpot
191,8,Countdown
191,9,Pick 9
191,9J,Pick 9 Jackpot
191,A,Triactor
191,B,Super Tri
191,BQ,Bracket Quinella
191,C,Classix
191,D,Daily Double
191,E,Exacta
191,F,Perfecta
191,G,Perfector
191,H,Head2Head
191,HE,Halfway Exacta
191,HW,Halfway Win
191,I,Pick 10
191,ID,Instant Daily Double
191,J,Exactor
191,K,Win 4
191,L,Place Pick All
191,L8,Place Pick 8
191,M,Consolation Pick 3
191,N,Future Wager
191,O,Omni
191,OU,Over/Under
191,P,Jockey Challenge
191,P5,Place Pick 5
191,P6,Place Pick 6
191,P8,Pick 8
191,P9,Place Pick 9
191,Q,Quinella
191,R,Triple
191,S,Superfecta
191,S5,Super High Five
191,SQ,Show Quinella
191,T,Trifecta
191,U,Tri Super
191,V,Odd or Even
191,W,Twin Trifecta
191,X,Grand Slam
191,X5,X-5 Super Hi-5
191,Y,Straight Flush
191,Z,Consolation Double
191,Z5,Z-5 Super Hi-5
197,$,Super Bet
197,0,Choose 6
197,1,Roulette
197,13,123racing
197,18,Pick 18
197,2,Two in the Money
197,3,Pick 3
197,4,Pick 4
197,4J,Pick 4 Jackpot
197,5,Pick 5
197,5J,Pick 5 Jackpot
197,6,Pick 6
197,6J,Pick 6 Jackpot
197,7,Pick 7
197,7J,Pick 7 Jackpot
197,8,Countdown
197,9,Pick 9
197,9J,Pick 9 Jackpot
197,A,Triactor
197,B,Super Tri
197,BQ,Bracket Quinella
197,C,Classix
197,D,Daily Double
197,E,Exacta
197,F,Perfecta
197,G,Perfector
197,H,Head2Head
197,HE,Halfway Exacta
197,HW,Halfway Win
197,I,Pick 10
197,ID,Instant Daily Double
197,J,Exactor
197,K,Win 4
197,L,Place Pick All
197,L8,Place Pick 8
197,M,Consolation Pick 3
197,N,Future Wager
197,O,Omni
197,OU,Over/Under
197,P,Jockey Challenge
197,P5,Place Pick 5
197,P6,Place Pick 6
197,P8,Pick 8
197,P9,Place Pick 9
197,Q,Quinella
197,R,Triple
197,S,Superfecta
197,S5,Super High Five
197,SQ,Show Quinella
197,T,Trifecta
197,U,Tri Super
197,V,Odd or Even
197,W,Twin Trifecta
197,X,Grand Slam
197,X5,X-5 Super Hi-5
197,Y,Straight Flush
197,Z,Consolation Double
197,Z5,Z-5 Super Hi-5
203,$,Super Bet
203,0,Choose 6
203,1,Roulette
203,13,123racing
203,18,Pick 18
203,2,Two in the Money
203,3,Pick 3
203,4,Pick 4
203,4J,Pick 4 Jackpot
203,5,Pick 5
203,5J,Pick 5 Jackpot
203,6,Pick 6
203,6J,Pick 6 Jackpot
203,7,Pick 7
203,7J,Pick 7 Jackpot
203,8,Countdown
203,9,Pick 9
203,9J,Pick 9 Jackpot
203,A,Triactor
203,B,Super Tri
203,BQ,Bracket Quinella
203,C,Classix
203,D,Daily Double
203,E,Exacta
203,F,Perfecta
203,G,Perfector
203,H,Head2Head
203,HE,Halfway Exacta
203,HW,Halfway Win
203,I,Pick 10
203,ID,Instant Daily Double
203,J,Exactor
203,K,Win 4
203,L,Place Pick All
203,L8,Place Pick 8
203,M,Consolation Pick 3
203,N,Future Wager
203,O,Omni
203,OU,Over/Under
203,P,Jockey Challenge
203,P5,Place Pick 5
203,P6,Place Pick 6
203,P8,Pick 8
203,P9,Place Pick 9
203,Q,Quinella
203,R,Triple
203,S,Superfecta
203,S5,Super High Five
203,SQ,Show Quinella
203,T,Trifecta
203,U,Tri Super
203,V,Odd or Even
203,W,Twin Trifecta
203,X,Grand Slam
203,X5,X-5 Super Hi-5
203,Y,Straight Flush
203,Z,Consolation Double
203,Z5,Z-5 Super Hi-5
209,$,Super Bet
209,0,Choose 6
209,1,Roulette
209,13,123racing
209,18,Pick 18
209,2,Two in the Money
209,3,Pick 3
209,4,Pick 4
209,4J,Pick 4 Jackpot
209,5,Pick 5
209,5J,Pick 5 Jackpot
209,6,Pick 6
209,6J,Pick 6 Jackpot
209,7,Pick 7
209,7J,Pick 7 Jackpot
209,8,Countdown
209,9,Pick 9
209,9J,Pick 9 Jackpot
209,A,Triactor
209,B,Super Tri
209,BQ,Bracket Quinella
209,C,Classix
209,D,Daily Double
209,E,Exacta
209,F,Perfecta
209,G,Perfector
209,H,Head2Head
209,HE,Halfway Exacta
209,HW,Halfway Win
209,I,Pick 10
209,ID,Instant Daily Double
209,J,Exactor
209,K,Win 4
209,L,Place Pick All
209,L8,Place Pick 8
209,M,Consolation Pick 3
209,N,Future Wager
209,O,Omni
209,OU,Over/Under
209,P,Jockey Challenge
209,P5,Place Pick 5
209,P6,Place Pick 6
209,P8,Pick 8
209,P9,Place Pick 9
209,Q,Quinella
209,R,Triple
209,S,Superfecta
209,S5,Super High Five
209,SQ,Show Quinella
209,T,Trifecta
209,U,Tri Super
209,V,Odd or Even
209,W,Twin Trifecta
209,X,Grand Slam
209,X5,X-5 Super Hi-5
209,Y,Straight Flush
209,Z,Consolation Double
209,Z5,Z-5 Super Hi-5
215,$,Super Bet
215,0,Choose 6
215,1,Roulette
215,13,123racing
215,18,Pick 18
215,2,Two in the Money
215,3,Pick 3
215,4,Pick 4
215,4J,Pick 4 Jackpot
215,5,Pick 5
215,5J,Pick 5 Jackpot
215,6,Pick 6
215,6J,Pick 6 Jackpot
215,7,Pick 7
215,7J,Pick 7 Jackpot
215,8,Countdown
215,9,Pick 9
215,9J,Pick 9 Jackpot
215,A,Triactor
215,B,Super Tri
215,BQ,Bracket Quinella
215,C,Classix
215,D,Daily Double
215,E,Exacta
215,F,Perfecta
215,G,Perfector
215,H,Head2Head
215,HE,Halfway Exacta
215,HW,Halfway Win
215,I,Pick 10
215,ID,Instant Daily Double
215,J,Exactor
215,K,Win 4
215,L,Place Pick All
215,L8,Place Pick 8
215,M,Consolation Pick 3
215,N,Future Wager
215,O,Omni
215,OU,Over/Under
215,P,Jockey Challenge
215,P5,Place Pick 5
215,P6,Place Pick 6
215,P8,Pick 8
215,P9,Place Pick 9
215,Q,Quinella
215,R,Triple
215,S,Superfecta
215,S5,Super High Five
215,SQ,Show Quinella
215,T,Trifecta
215,U,Tri Super
215,V,Odd or Even
215,W,Twin Trifecta
215,X,Grand Slam
215,X5,X-5 Super Hi-5
215,Y,Straight Flush
215,Z,Consolation Double
215,Z5,Z-5 Super Hi-5
221,$,Super Bet
221,0,Choose 6
221,1,Roulette
221,13,123racing
221,18,Pick 18
221,2,Two in the Money
221,3,Pick 3
221,4,Pick 4
221,4J,Pick 4 Jackpot
221,5,Pick 5
221,5J,Pick 5 Jackpot
221,6,Pick 6
221,6J,Pick 6 Jackpot
221,7,Pick 7
221,7J,Pick 7 Jackpot
221,8,Countdown
221,9,Pick 9
221,9J,Pick 9 Jackpot
221,A,Triactor
221,B,Super Tri
221,BQ,Bracket Quinella
221,C,Classix
221,D,Daily Double
221,E,Exacta
221,F,Perfecta
221,G,Perfector
221,H,Head2Head
221,HE,Halfway Exacta
221,HW,Halfway Win
221,I,Pick 10
221,ID,Instant Daily Double
221,J,Exactor
221,K,Win 4
221,L,Place Pick All
221,L8,Place Pick 8
221,M,Consolation Pick 3
221,N,Future Wager
221,O,Omni
221,OU,Over/Under
221,P,Jockey Challenge
221,P5,Place Pick 5
221,P6,Place Pick 6
221,P8,Pick 8
221,P9,Place Pick 9
221,Q,Quinella
221,R,Triple
221,S,Superfecta
221,S5,Super High Five
221,SQ,Show Quinella
221,T,Trifecta
221,U,Tri Super
221,V,Odd or Even
221,W,Twin Trifecta
221,X,Grand Slam
221,X5,X-5 Super Hi-5
221,Y,Straight Flush
221,Z,Consolation Double
221,Z5,Z-5 Super Hi-5
227,$,Super Bet
227,0,Choose 6
227,1,Roulette
227,13,123racing
227,18,Pick 18
227,2,Two in the Money
227,3,Pick 3
227,4,Pick 4
227,4J,Pick 4 Jackpot
227,5,Pick 5
227,5J,Pick 5 Jackpot
227,6,Pick 6
227,6J,Pick 6 Jackpot
227,7,Pick 7
227,7J,Pick 7 Jackpot
227,8,Countdown
227,9,Pick 9
227,9J,Pick 9 Jackpot
227,A,Triactor
227,B,Super Tri
227,BQ,Bracket Quinella
227,C,Classix
227,D,Daily Double
227,E,Exacta
227,F,Perfecta
227,G,Perfector
227,H,Head2Head
227,HE,Halfway Exacta
227,HW,Halfway Win
227,I,Pick 10
227,ID,Instant Daily Double
227,J,Exactor
227,K,Win 4
227,L,Place Pick All
227,L8,Place Pick 8
227,M,Consolation Pick 3
227,N,Future Wager
227,O,Omni
227,OU,Over/Under
227,P,Jockey Challenge
227,P5,Place Pick 5
227,P6,Place Pick 6
227,P8,Pick 8
227,P9,Place Pick 9
227,Q,Quinella
227,R,Triple
227,S,Superfecta
227,S5,Super High Five
227,SQ,Show Quinella
227,T,Trifecta
227,U,Tri Super
227,V,Odd or Even
227,W,Twin Trifecta
227,X,Grand Slam
227,X5,X-5 Super Hi-5
227,Y,Straight Flush
227,Z,Consolation Double
227,Z5,Z-5 Super Hi-5
233,$,Super Bet
233,0,Choose 6
233,1,Roulette
233,13,123racing
233,18,Pick 18
233,2,Two in the Money
233,3,Pick 3
233,4,Pick 4
233,4J,Pick 4 Jackpot
233,5,Pick 5
233,5J,Pick 5 Jackpot
233,6,Pick 6
233,6J,Pick 6 Jackpot
233,7,Pick 7
233,7J,Pick 7 Jackpot
233,8,Countdown
233,9,Pick 9
233,9J,Pick 9 Jackpot
233,A,Triactor
233,B,Super Tri
233,BQ,Bracket Quinella
233,C,Classix
233,D,Daily Double
233,E,Exacta
233,F,Perfecta
233,G,Perfector
233,H,Head2Head
233,HE,Halfway Exacta
233,HW,Halfway Win
233,I,Pick 10
233,ID,Instant Daily Double
233,J,Exactor
233,K,Win 4
233,L,Place Pick All
233,L8,Place Pick 8
233,M,Consolation Pick 3
233,N,Future Wager
233,O,Omni
233,OU,Over/Under
233,P,Jockey Challenge
233,P5,Place Pick 5
233,P6,Place Pick 6
233,P8,Pick 8
233,P9,Place Pick 9
233,Q,Quinella
233,R,Triple
233,S,Superfecta
233,S5,Super High Five
233,SQ,Show Quinella
233,T,Trifecta
233,U,Tri Super
233,V,Odd or Even
233,W,Twin Trifecta
233,X,Grand Slam
233,X5,X-5 Super Hi-5
233,Y,Straight Flush
233,Z,Consolation Double
233,Z5,Z-5 Super Hi-5
239,$,Super Bet
239,0,Choose 6
239,1,Roulette
239,13,123racing
239,18,Pick 18
239,2,Two in the Money
239,3,Pick 3
239,4,Pick 4
239,4J,Pick 4 Jackpot
239,5,Pick 5
239,5J,Pick 5 Jackpot
239,6,Pick 6
239,6J,Pick 6 Jackpot
239,7,Pick 7
239,7J,Pick 7 Jackpot
239,8,Countdown
239,9,Pick 9
239,9J,Pick 9 Jackpot
239,A,Triactor
239,B,Super Tri
239,BQ,Bracket Quinella
239,C,Classix
239,D,Daily Double
239,E,Exacta
239,F,Perfecta
239,G,Perfector
239,H,Head2Head
239,HE,Halfway Exacta
239,HW,Halfway Win
239,I,Pick 10
239,ID,Instant Daily Double
239,J,Exactor
239,K,Win 4
239,L,Place Pick All
239,L8,Place Pick 8
239,M,Consolation Pick 3
239,N,Future Wager
239,O,Omni
239,OU,Over/Under
239,P,Jockey Challenge
239,P5,Place Pick 5
239,P6,Place Pick 6
239,P8,Pick 8
239,P9,Place Pick 9
239,Q,Quinella
239,R,Triple
239,S,Superfecta
239,S5,Super High Five
239,SQ,Show Quinella
239,T,Trifecta
239,U,Tri Super
239,V,Odd or Even
239,W,Twin Trifecta
239,X,Grand Slam
239,X5,X-5 Super Hi-5
239,Y,Straight Flush
239,Z,Consolation Double
239,Z5,Z-5 Super Hi-5
